mutant,wildtype,mutation
M1A,M1,A
M1C,M1,C
M1D,M1,D
M1E,M1,E
M1F,M1,F
M1G,M1,G
M1H,M1,H
M1I,M1,I
M1K,M1,K
M1L,M1,L
M1M,M1,M
M1N,M1,N
M1P,M1,P
M1Q,M1,Q
M1R,M1,R
M1S,M1,S
M1T,M1,T
M1V,M1,V
M1W,M1,W
M1Y,M1,Y
A2A,A2,A
A2C,A2,C
A2D,A2,D
A2E,A2,E
A2F,A2,F
A2G,A2,G
A2H,A2,H
A2I,A2,I
A2K,A2,K
A2L,A2,L
A2M,A2,M
A2N,A2,N
A2P,A2,P
A2Q,A2,Q
A2R,A2,R
A2S,A2,S
A2T,A2,T
A2V,A2,V
A2W,A2,W
A2Y,A2,Y
P3A,P3,A
P3C,P3,C
P3D,P3,D
P3E,P3,E
P3F,P3,F
P3G,P3,G
P3H,P3,H
P3I,P3,I
P3K,P3,K
P3L,P3,L
P3M,P3,M
P3N,P3,N
P3P,P3,P
P3Q,P3,Q
P3R,P3,R
P3S,P3,S
P3T,P3,T
P3V,P3,V
P3W,P3,W
P3Y,P3,Y
K4A,K4,A
K4C,K4,C
K4D,K4,D
K4E,K4,E
K4F,K4,F
K4G,K4,G
K4H,K4,H
K4I,K4,I
K4K,K4,K
K4L,K4,L
K4M,K4,M
K4N,K4,N
K4P,K4,P
K4Q,K4,Q
K4R,K4,R
K4S,K4,S
K4T,K4,T
K4V,K4,V
K4W,K4,W
K4Y,K4,Y
K5A,K5,A
K5C,K5,C
K5D,K5,D
K5E,K5,E
K5F,K5,F
K5G,K5,G
K5H,K5,H
K5I,K5,I
K5K,K5,K
K5L,K5,L
K5M,K5,M
K5N,K5,N
K5P,K5,P
K5Q,K5,Q
K5R,K5,R
K5S,K5,S
K5T,K5,T
K5V,K5,V
K5W,K5,W
K5Y,K5,Y
K6A,K6,A
K6C,K6,C
K6D,K6,D
K6E,K6,E
K6F,K6,F
K6G,K6,G
K6H,K6,H
K6I,K6,I
K6K,K6,K
K6L,K6,L
K6M,K6,M
K6N,K6,N
K6P,K6,P
K6Q,K6,Q
K6R,K6,R
K6S,K6,S
K6T,K6,T
K6V,K6,V
K6W,K6,W
K6Y,K6,Y
L7A,L7,A
L7C,L7,C
L7D,L7,D
L7E,L7,E
L7F,L7,F
L7G,L7,G
L7H,L7,H
L7I,L7,I
L7K,L7,K
L7L,L7,L
L7M,L7,M
L7N,L7,N
L7P,L7,P
L7Q,L7,Q
L7R,L7,R
L7S,L7,S
L7T,L7,T
L7V,L7,V
L7W,L7,W
L7Y,L7,Y
Q8A,Q8,A
Q8C,Q8,C
Q8D,Q8,D
Q8E,Q8,E
Q8F,Q8,F
Q8G,Q8,G
Q8H,Q8,H
Q8I,Q8,I
Q8K,Q8,K
Q8L,Q8,L
Q8M,Q8,M
Q8N,Q8,N
Q8P,Q8,P
Q8Q,Q8,Q
Q8R,Q8,R
Q8S,Q8,S
Q8T,Q8,T
Q8V,Q8,V
Q8W,Q8,W
Q8Y,Q8,Y
L9A,L9,A
L9C,L9,C
L9D,L9,D
L9E,L9,E
L9F,L9,F
L9G,L9,G
L9H,L9,H
L9I,L9,I
L9K,L9,K
L9L,L9,L
L9M,L9,M
L9N,L9,N
L9P,L9,P
L9Q,L9,Q
L9R,L9,R
L9S,L9,S
L9T,L9,T
L9V,L9,V
L9W,L9,W
L9Y,L9,Y
P10A,P10,A
P10C,P10,C
P10D,P10,D
P10E,P10,E
P10F,P10,F
P10G,P10,G
P10H,P10,H
P10I,P10,I
P10K,P10,K
P10L,P10,L
P10M,P10,M
P10N,P10,N
P10P,P10,P
P10Q,P10,Q
P10R,P10,R
P10S,P10,S
P10T,P10,T
P10V,P10,V
P10W,P10,W
P10Y,P10,Y
P11A,P11,A
P11C,P11,C
P11D,P11,D
P11E,P11,E
P11F,P11,F
P11G,P11,G
P11H,P11,H
P11I,P11,I
P11K,P11,K
P11L,P11,L
P11M,P11,M
P11N,P11,N
P11P,P11,P
P11Q,P11,Q
P11R,P11,R
P11S,P11,S
P11T,P11,T
P11V,P11,V
P11W,P11,W
P11Y,P11,Y
P12A,P12,A
P12C,P12,C
P12D,P12,D
P12E,P12,E
P12F,P12,F
P12G,P12,G
P12H,P12,H
P12I,P12,I
P12K,P12,K
P12L,P12,L
P12M,P12,M
P12N,P12,N
P12P,P12,P
P12Q,P12,Q
P12R,P12,R
P12S,P12,S
P12T,P12,T
P12V,P12,V
P12W,P12,W
P12Y,P12,Y
P13A,P13,A
P13C,P13,C
P13D,P13,D
P13E,P13,E
P13F,P13,F
P13G,P13,G
P13H,P13,H
P13I,P13,I
P13K,P13,K
P13L,P13,L
P13M,P13,M
P13N,P13,N
P13P,P13,P
P13Q,P13,Q
P13R,P13,R
P13S,P13,S
P13T,P13,T
P13V,P13,V
P13W,P13,W
P13Y,P13,Y
T14A,T14,A
T14C,T14,C
T14D,T14,D
T14E,T14,E
T14F,T14,F
T14G,T14,G
T14H,T14,H
T14I,T14,I
T14K,T14,K
T14L,T14,L
T14M,T14,M
T14N,T14,N
T14P,T14,P
T14Q,T14,Q
T14R,T14,R
T14S,T14,S
T14T,T14,T
T14V,T14,V
T14W,T14,W
T14Y,T14,Y
D15A,D15,A
D15C,D15,C
D15D,D15,D
D15E,D15,E
D15F,D15,F
D15G,D15,G
D15H,D15,H
D15I,D15,I
D15K,D15,K
D15L,D15,L
D15M,D15,M
D15N,D15,N
D15P,D15,P
D15Q,D15,Q
D15R,D15,R
D15S,D15,S
D15T,D15,T
D15V,D15,V
D15W,D15,W
D15Y,D15,Y
E16A,E16,A
E16C,E16,C
E16D,E16,D
E16E,E16,E
E16F,E16,F
E16G,E16,G
E16H,E16,H
E16I,E16,I
E16K,E16,K
E16L,E16,L
E16M,E16,M
E16N,E16,N
E16P,E16,P
E16Q,E16,Q
E16R,E16,R
E16S,E16,S
E16T,E16,T
E16V,E16,V
E16W,E16,W
E16Y,E16,Y
E17A,E17,A
E17C,E17,C
E17D,E17,D
E17E,E17,E
E17F,E17,F
E17G,E17,G
E17H,E17,H
E17I,E17,I
E17K,E17,K
E17L,E17,L
E17M,E17,M
E17N,E17,N
E17P,E17,P
E17Q,E17,Q
E17R,E17,R
E17S,E17,S
E17T,E17,T
E17V,E17,V
E17W,E17,W
E17Y,E17,Y
E18A,E18,A
E18C,E18,C
E18D,E18,D
E18E,E18,E
E18F,E18,F
E18G,E18,G
E18H,E18,H
E18I,E18,I
E18K,E18,K
E18L,E18,L
E18M,E18,M
E18N,E18,N
E18P,E18,P
E18Q,E18,Q
E18R,E18,R
E18S,E18,S
E18T,E18,T
E18V,E18,V
E18W,E18,W
E18Y,E18,Y
Y19A,Y19,A
Y19C,Y19,C
Y19D,Y19,D
Y19E,Y19,E
Y19F,Y19,F
Y19G,Y19,G
Y19H,Y19,H
Y19I,Y19,I
Y19K,Y19,K
Y19L,Y19,L
Y19M,Y19,M
Y19N,Y19,N
Y19P,Y19,P
Y19Q,Y19,Q
Y19R,Y19,R
Y19S,Y19,S
Y19T,Y19,T
Y19V,Y19,V
Y19W,Y19,W
Y19Y,Y19,Y
W20A,W20,A
W20C,W20,C
W20D,W20,D
W20E,W20,E
W20F,W20,F
W20G,W20,G
W20H,W20,H
W20I,W20,I
W20K,W20,K
W20L,W20,L
W20M,W20,M
W20N,W20,N
W20P,W20,P
W20Q,W20,Q
W20R,W20,R
W20S,W20,S
W20T,W20,T
W20V,W20,V
W20W,W20,W
W20Y,W20,Y
D21A,D21,A
D21C,D21,C
D21D,D21,D
D21E,D21,E
D21F,D21,F
D21G,D21,G
D21H,D21,H
D21I,D21,I
D21K,D21,K
D21L,D21,L
D21M,D21,M
D21N,D21,N
D21P,D21,P
D21Q,D21,Q
D21R,D21,R
D21S,D21,S
D21T,D21,T
D21V,D21,V
D21W,D21,W
D21Y,D21,Y
S22A,S22,A
S22C,S22,C
S22D,S22,D
S22E,S22,E
S22F,S22,F
S22G,S22,G
S22H,S22,H
S22I,S22,I
S22K,S22,K
S22L,S22,L
S22M,S22,M
S22N,S22,N
S22P,S22,P
S22Q,S22,Q
S22R,S22,R
S22S,S22,S
S22T,S22,T
S22V,S22,V
S22W,S22,W
S22Y,S22,Y
Q23A,Q23,A
Q23C,Q23,C
Q23D,Q23,D
Q23E,Q23,E
Q23F,Q23,F
Q23G,Q23,G
Q23H,Q23,H
Q23I,Q23,I
Q23K,Q23,K
Q23L,Q23,L
Q23M,Q23,M
Q23N,Q23,N
Q23P,Q23,P
Q23Q,Q23,Q
Q23R,Q23,R
Q23S,Q23,S
Q23T,Q23,T
Q23V,Q23,V
Q23W,Q23,W
Q23Y,Q23,Y
A24A,A24,A
A24C,A24,C
A24D,A24,D
A24E,A24,E
A24F,A24,F
A24G,A24,G
A24H,A24,H
A24I,A24,I
A24K,A24,K
A24L,A24,L
A24M,A24,M
A24N,A24,N
A24P,A24,P
A24Q,A24,Q
A24R,A24,R
A24S,A24,S
A24T,A24,T
A24V,A24,V
A24W,A24,W
A24Y,A24,Y
E25A,E25,A
E25C,E25,C
E25D,E25,D
E25E,E25,E
E25F,E25,F
E25G,E25,G
E25H,E25,H
E25I,E25,I
E25K,E25,K
E25L,E25,L
E25M,E25,M
E25N,E25,N
E25P,E25,P
E25Q,E25,Q
E25R,E25,R
E25S,E25,S
E25T,E25,T
E25V,E25,V
E25W,E25,W
E25Y,E25,Y
E26A,E26,A
E26C,E26,C
E26D,E26,D
E26E,E26,E
E26F,E26,F
E26G,E26,G
E26H,E26,H
E26I,E26,I
E26K,E26,K
E26L,E26,L
E26M,E26,M
E26N,E26,N
E26P,E26,P
E26Q,E26,Q
E26R,E26,R
E26S,E26,S
E26T,E26,T
E26V,E26,V
E26W,E26,W
E26Y,E26,Y
V27A,V27,A
V27C,V27,C
V27D,V27,D
V27E,V27,E
V27F,V27,F
V27G,V27,G
V27H,V27,H
V27I,V27,I
V27K,V27,K
V27L,V27,L
V27M,V27,M
V27N,V27,N
V27P,V27,P
V27Q,V27,Q
V27R,V27,R
V27S,V27,S
V27T,V27,T
V27V,V27,V
V27W,V27,W
V27Y,V27,Y
L28A,L28,A
L28C,L28,C
L28D,L28,D
L28E,L28,E
L28F,L28,F
L28G,L28,G
L28H,L28,H
L28I,L28,I
L28K,L28,K
L28L,L28,L
L28M,L28,M
L28N,L28,N
L28P,L28,P
L28Q,L28,Q
L28R,L28,R
L28S,L28,S
L28T,L28,T
L28V,L28,V
L28W,L28,W
L28Y,L28,Y
D29A,D29,A
D29C,D29,C
D29D,D29,D
D29E,D29,E
D29F,D29,F
D29G,D29,G
D29H,D29,H
D29I,D29,I
D29K,D29,K
D29L,D29,L
D29M,D29,M
D29N,D29,N
D29P,D29,P
D29Q,D29,Q
D29R,D29,R
D29S,D29,S
D29T,D29,T
D29V,D29,V
D29W,D29,W
D29Y,D29,Y
E30A,E30,A
E30C,E30,C
E30D,E30,D
E30E,E30,E
E30F,E30,F
E30G,E30,G
E30H,E30,H
E30I,E30,I
E30K,E30,K
E30L,E30,L
E30M,E30,M
E30N,E30,N
E30P,E30,P
E30Q,E30,Q
E30R,E30,R
E30S,E30,S
E30T,E30,T
E30V,E30,V
E30W,E30,W
E30Y,E30,Y
E31A,E31,A
E31C,E31,C
E31D,E31,D
E31E,E31,E
E31F,E31,F
E31G,E31,G
E31H,E31,H
E31I,E31,I
E31K,E31,K
E31L,E31,L
E31M,E31,M
E31N,E31,N
E31P,E31,P
E31Q,E31,Q
E31R,E31,R
E31S,E31,S
E31T,E31,T
E31V,E31,V
E31W,E31,W
E31Y,E31,Y
E32A,E32,A
E32C,E32,C
E32D,E32,D
E32E,E32,E
E32F,E32,F
E32G,E32,G
E32H,E32,H
E32I,E32,I
E32K,E32,K
E32L,E32,L
E32M,E32,M
E32N,E32,N
E32P,E32,P
E32Q,E32,Q
E32R,E32,R
E32S,E32,S
E32T,E32,T
E32V,E32,V
E32W,E32,W
E32Y,E32,Y
E33A,E33,A
E33C,E33,C
E33D,E33,D
E33E,E33,E
E33F,E33,F
E33G,E33,G
E33H,E33,H
E33I,E33,I
E33K,E33,K
E33L,E33,L
E33M,E33,M
E33N,E33,N
E33P,E33,P
E33Q,E33,Q
E33R,E33,R
E33S,E33,S
E33T,E33,T
E33V,E33,V
E33W,E33,W
E33Y,E33,Y
E34A,E34,A
E34C,E34,C
E34D,E34,D
E34E,E34,E
E34F,E34,F
E34G,E34,G
E34H,E34,H
E34I,E34,I
E34K,E34,K
E34L,E34,L
E34M,E34,M
E34N,E34,N
E34P,E34,P
E34Q,E34,Q
E34R,E34,R
E34S,E34,S
E34T,E34,T
E34V,E34,V
E34W,E34,W
E34Y,E34,Y
D35A,D35,A
D35C,D35,C
D35D,D35,D
D35E,D35,E
D35F,D35,F
D35G,D35,G
D35H,D35,H
D35I,D35,I
D35K,D35,K
D35L,D35,L
D35M,D35,M
D35N,D35,N
D35P,D35,P
D35Q,D35,Q
D35R,D35,R
D35S,D35,S
D35T,D35,T
D35V,D35,V
D35W,D35,W
D35Y,D35,Y
M36A,M36,A
M36C,M36,C
M36D,M36,D
M36E,M36,E
M36F,M36,F
M36G,M36,G
M36H,M36,H
M36I,M36,I
M36K,M36,K
M36L,M36,L
M36M,M36,M
M36N,M36,N
M36P,M36,P
M36Q,M36,Q
M36R,M36,R
M36S,M36,S
M36T,M36,T
M36V,M36,V
M36W,M36,W
M36Y,M36,Y
M37A,M37,A
M37C,M37,C
M37D,M37,D
M37E,M37,E
M37F,M37,F
M37G,M37,G
M37H,M37,H
M37I,M37,I
M37K,M37,K
M37L,M37,L
M37M,M37,M
M37N,M37,N
M37P,M37,P
M37Q,M37,Q
M37R,M37,R
M37S,M37,S
M37T,M37,T
M37V,M37,V
M37W,M37,W
M37Y,M37,Y
E38A,E38,A
E38C,E38,C
E38D,E38,D
E38E,E38,E
E38F,E38,F
E38G,E38,G
E38H,E38,H
E38I,E38,I
E38K,E38,K
E38L,E38,L
E38M,E38,M
E38N,E38,N
E38P,E38,P
E38Q,E38,Q
E38R,E38,R
E38S,E38,S
E38T,E38,T
E38V,E38,V
E38W,E38,W
E38Y,E38,Y
D39A,D39,A
D39C,D39,C
D39D,D39,D
D39E,D39,E
D39F,D39,F
D39G,D39,G
D39H,D39,H
D39I,D39,I
D39K,D39,K
D39L,D39,L
D39M,D39,M
D39N,D39,N
D39P,D39,P
D39Q,D39,Q
D39R,D39,R
D39S,D39,S
D39T,D39,T
D39V,D39,V
D39W,D39,W
D39Y,D39,Y
W40A,W40,A
W40C,W40,C
W40D,W40,D
W40E,W40,E
W40F,W40,F
W40G,W40,G
W40H,W40,H
W40I,W40,I
W40K,W40,K
W40L,W40,L
W40M,W40,M
W40N,W40,N
W40P,W40,P
W40Q,W40,Q
W40R,W40,R
W40S,W40,S
W40T,W40,T
W40V,W40,V
W40W,W40,W
W40Y,W40,Y
E41A,E41,A
E41C,E41,C
E41D,E41,D
E41E,E41,E
E41F,E41,F
E41G,E41,G
E41H,E41,H
E41I,E41,I
E41K,E41,K
E41L,E41,L
E41M,E41,M
E41N,E41,N
E41P,E41,P
E41Q,E41,Q
E41R,E41,R
E41S,E41,S
E41T,E41,T
E41V,E41,V
E41W,E41,W
E41Y,E41,Y
S42A,S42,A
S42C,S42,C
S42D,S42,D
S42E,S42,E
S42F,S42,F
S42G,S42,G
S42H,S42,H
S42I,S42,I
S42K,S42,K
S42L,S42,L
S42M,S42,M
S42N,S42,N
S42P,S42,P
S42Q,S42,Q
S42R,S42,R
S42S,S42,S
S42T,S42,T
S42V,S42,V
S42W,S42,W
S42Y,S42,Y
L43A,L43,A
L43C,L43,C
L43D,L43,D
L43E,L43,E
L43F,L43,F
L43G,L43,G
L43H,L43,H
L43I,L43,I
L43K,L43,K
L43L,L43,L
L43M,L43,M
L43N,L43,N
L43P,L43,P
L43Q,L43,Q
L43R,L43,R
L43S,L43,S
L43T,L43,T
L43V,L43,V
L43W,L43,W
L43Y,L43,Y
D44A,D44,A
D44C,D44,C
D44D,D44,D
D44E,D44,E
D44F,D44,F
D44G,D44,G
D44H,D44,H
D44I,D44,I
D44K,D44,K
D44L,D44,L
D44M,D44,M
D44N,D44,N
D44P,D44,P
D44Q,D44,Q
D44R,D44,R
D44S,D44,S
D44T,D44,T
D44V,D44,V
D44W,D44,W
D44Y,D44,Y
E45A,E45,A
E45C,E45,C
E45D,E45,D
E45E,E45,E
E45F,E45,F
E45G,E45,G
E45H,E45,H
E45I,E45,I
E45K,E45,K
E45L,E45,L
E45M,E45,M
E45N,E45,N
E45P,E45,P
E45Q,E45,Q
E45R,E45,R
E45S,E45,S
E45T,E45,T
E45V,E45,V
E45W,E45,W
E45Y,E45,Y
E46A,E46,A
E46C,E46,C
E46D,E46,D
E46E,E46,E
E46F,E46,F
E46G,E46,G
E46H,E46,H
E46I,E46,I
E46K,E46,K
E46L,E46,L
E46M,E46,M
E46N,E46,N
E46P,E46,P
E46Q,E46,Q
E46R,E46,R
E46S,E46,S
E46T,E46,T
E46V,E46,V
E46W,E46,W
E46Y,E46,Y
A47A,A47,A
A47C,A47,C
A47D,A47,D
A47E,A47,E
A47F,A47,F
A47G,A47,G
A47H,A47,H
A47I,A47,I
A47K,A47,K
A47L,A47,L
A47M,A47,M
A47N,A47,N
A47P,A47,P
A47Q,A47,Q
A47R,A47,R
A47S,A47,S
A47T,A47,T
A47V,A47,V
A47W,A47,W
A47Y,A47,Y
S48A,S48,A
S48C,S48,C
S48D,S48,D
S48E,S48,E
S48F,S48,F
S48G,S48,G
S48H,S48,H
S48I,S48,I
S48K,S48,K
S48L,S48,L
S48M,S48,M
S48N,S48,N
S48P,S48,P
S48Q,S48,Q
S48R,S48,R
S48S,S48,S
S48T,S48,T
S48V,S48,V
S48W,S48,W
S48Y,S48,Y
E49A,E49,A
E49C,E49,C
E49D,E49,D
E49E,E49,E
E49F,E49,F
E49G,E49,G
E49H,E49,H
E49I,E49,I
E49K,E49,K
E49L,E49,L
E49M,E49,M
E49N,E49,N
E49P,E49,P
E49Q,E49,Q
E49R,E49,R
E49S,E49,S
E49T,E49,T
E49V,E49,V
E49W,E49,W
E49Y,E49,Y
A50A,A50,A
A50C,A50,C
A50D,A50,D
A50E,A50,E
A50F,A50,F
A50G,A50,G
A50H,A50,H
A50I,A50,I
A50K,A50,K
A50L,A50,L
A50M,A50,M
A50N,A50,N
A50P,A50,P
A50Q,A50,Q
A50R,A50,R
A50S,A50,S
A50T,A50,T
A50V,A50,V
A50W,A50,W
A50Y,A50,Y
E51A,E51,A
E51C,E51,C
E51D,E51,D
E51E,E51,E
E51F,E51,F
E51G,E51,G
E51H,E51,H
E51I,E51,I
E51K,E51,K
E51L,E51,L
E51M,E51,M
E51N,E51,N
E51P,E51,P
E51Q,E51,Q
E51R,E51,R
E51S,E51,S
E51T,E51,T
E51V,E51,V
E51W,E51,W
E51Y,E51,Y
E52A,E52,A
E52C,E52,C
E52D,E52,D
E52E,E52,E
E52F,E52,F
E52G,E52,G
E52H,E52,H
E52I,E52,I
E52K,E52,K
E52L,E52,L
E52M,E52,M
E52N,E52,N
E52P,E52,P
E52Q,E52,Q
E52R,E52,R
E52S,E52,S
E52T,E52,T
E52V,E52,V
E52W,E52,W
E52Y,E52,Y
V53A,V53,A
V53C,V53,C
V53D,V53,D
V53E,V53,E
V53F,V53,F
V53G,V53,G
V53H,V53,H
V53I,V53,I
V53K,V53,K
V53L,V53,L
V53M,V53,M
V53N,V53,N
V53P,V53,P
V53Q,V53,Q
V53R,V53,R
V53S,V53,S
V53T,V53,T
V53V,V53,V
V53W,V53,W
V53Y,V53,Y
S54A,S54,A
S54C,S54,C
S54D,S54,D
S54E,S54,E
S54F,S54,F
S54G,S54,G
S54H,S54,H
S54I,S54,I
S54K,S54,K
S54L,S54,L
S54M,S54,M
S54N,S54,N
S54P,S54,P
S54Q,S54,Q
S54R,S54,R
S54S,S54,S
S54T,S54,T
S54V,S54,V
S54W,S54,W
S54Y,S54,Y
D55A,D55,A
D55C,D55,C
D55D,D55,D
D55E,D55,E
D55F,D55,F
D55G,D55,G
D55H,D55,H
D55I,D55,I
D55K,D55,K
D55L,D55,L
D55M,D55,M
D55N,D55,N
D55P,D55,P
D55Q,D55,Q
D55R,D55,R
D55S,D55,S
D55T,D55,T
D55V,D55,V
D55W,D55,W
D55Y,D55,Y
E56A,E56,A
E56C,E56,C
E56D,E56,D
E56E,E56,E
E56F,E56,F
E56G,E56,G
E56H,E56,H
E56I,E56,I
E56K,E56,K
E56L,E56,L
E56M,E56,M
E56N,E56,N
E56P,E56,P
E56Q,E56,Q
E56R,E56,R
E56S,E56,S
E56T,E56,T
E56V,E56,V
E56W,E56,W
E56Y,E56,Y
T57A,T57,A
T57C,T57,C
T57D,T57,D
T57E,T57,E
T57F,T57,F
T57G,T57,G
T57H,T57,H
T57I,T57,I
T57K,T57,K
T57L,T57,L
T57M,T57,M
T57N,T57,N
T57P,T57,P
T57Q,T57,Q
T57R,T57,R
T57S,T57,S
T57T,T57,T
T57V,T57,V
T57W,T57,W
T57Y,T57,Y
P58A,P58,A
P58C,P58,C
P58D,P58,D
P58E,P58,E
P58F,P58,F
P58G,P58,G
P58H,P58,H
P58I,P58,I
P58K,P58,K
P58L,P58,L
P58M,P58,M
P58N,P58,N
P58P,P58,P
P58Q,P58,Q
P58R,P58,R
P58S,P58,S
P58T,P58,T
P58V,P58,V
P58W,P58,W
P58Y,P58,Y
S59A,S59,A
S59C,S59,C
S59D,S59,D
S59E,S59,E
S59F,S59,F
S59G,S59,G
S59H,S59,H
S59I,S59,I
S59K,S59,K
S59L,S59,L
S59M,S59,M
S59N,S59,N
S59P,S59,P
S59Q,S59,Q
S59R,S59,R
S59S,S59,S
S59T,S59,T
S59V,S59,V
S59W,S59,W
S59Y,S59,Y
P60A,P60,A
P60C,P60,C
P60D,P60,D
P60E,P60,E
P60F,P60,F
P60G,P60,G
P60H,P60,H
P60I,P60,I
P60K,P60,K
P60L,P60,L
P60M,P60,M
P60N,P60,N
P60P,P60,P
P60Q,P60,Q
P60R,P60,R
P60S,P60,S
P60T,P60,T
P60V,P60,V
P60W,P60,W
P60Y,P60,Y
S61A,S61,A
S61C,S61,C
S61D,S61,D
S61E,S61,E
S61F,S61,F
S61G,S61,G
S61H,S61,H
S61I,S61,I
S61K,S61,K
S61L,S61,L
S61M,S61,M
S61N,S61,N
S61P,S61,P
S61Q,S61,Q
S61R,S61,R
S61S,S61,S
S61T,S61,T
S61V,S61,V
S61W,S61,W
S61Y,S61,Y
V62A,V62,A
V62C,V62,C
V62D,V62,D
V62E,V62,E
V62F,V62,F
V62G,V62,G
V62H,V62,H
V62I,V62,I
V62K,V62,K
V62L,V62,L
V62M,V62,M
V62N,V62,N
V62P,V62,P
V62Q,V62,Q
V62R,V62,R
V62S,V62,S
V62T,V62,T
V62V,V62,V
V62W,V62,W
V62Y,V62,Y
A63A,A63,A
A63C,A63,C
A63D,A63,D
A63E,A63,E
A63F,A63,F
A63G,A63,G
A63H,A63,H
A63I,A63,I
A63K,A63,K
A63L,A63,L
A63M,A63,M
A63N,A63,N
A63P,A63,P
A63Q,A63,Q
A63R,A63,R
A63S,A63,S
A63T,A63,T
A63V,A63,V
A63W,A63,W
A63Y,A63,Y
F64A,F64,A
F64C,F64,C
F64D,F64,D
F64E,F64,E
F64F,F64,F
F64G,F64,G
F64H,F64,H
F64I,F64,I
F64K,F64,K
F64L,F64,L
F64M,F64,M
F64N,F64,N
F64P,F64,P
F64Q,F64,Q
F64R,F64,R
F64S,F64,S
F64T,F64,T
F64V,F64,V
F64W,F64,W
F64Y,F64,Y
P65A,P65,A
P65C,P65,C
P65D,P65,D
P65E,P65,E
P65F,P65,F
P65G,P65,G
P65H,P65,H
P65I,P65,I
P65K,P65,K
P65L,P65,L
P65M,P65,M
P65N,P65,N
P65P,P65,P
P65Q,P65,Q
P65R,P65,R
P65S,P65,S
P65T,P65,T
P65V,P65,V
P65W,P65,W
P65Y,P65,Y
S66A,S66,A
S66C,S66,C
S66D,S66,D
S66E,S66,E
S66F,S66,F
S66G,S66,G
S66H,S66,H
S66I,S66,I
S66K,S66,K
S66L,S66,L
S66M,S66,M
S66N,S66,N
S66P,S66,P
S66Q,S66,Q
S66R,S66,R
S66S,S66,S
S66T,S66,T
S66V,S66,V
S66W,S66,W
S66Y,S66,Y
P67A,P67,A
P67C,P67,C
P67D,P67,D
P67E,P67,E
P67F,P67,F
P67G,P67,G
P67H,P67,H
P67I,P67,I
P67K,P67,K
P67L,P67,L
P67M,P67,M
P67N,P67,N
P67P,P67,P
P67Q,P67,Q
P67R,P67,R
P67S,P67,S
P67T,P67,T
P67V,P67,V
P67W,P67,W
P67Y,P67,Y
A68A,A68,A
A68C,A68,C
A68D,A68,D
A68E,A68,E
A68F,A68,F
A68G,A68,G
A68H,A68,H
A68I,A68,I
A68K,A68,K
A68L,A68,L
A68M,A68,M
A68N,A68,N
A68P,A68,P
A68Q,A68,Q
A68R,A68,R
A68S,A68,S
A68T,A68,T
A68V,A68,V
A68W,A68,W
A68Y,A68,Y
P69A,P69,A
P69C,P69,C
P69D,P69,D
P69E,P69,E
P69F,P69,F
P69G,P69,G
P69H,P69,H
P69I,P69,I
P69K,P69,K
P69L,P69,L
P69M,P69,M
P69N,P69,N
P69P,P69,P
P69Q,P69,Q
P69R,P69,R
P69S,P69,S
P69T,P69,T
P69V,P69,V
P69W,P69,W
P69Y,P69,Y
Q70A,Q70,A
Q70C,Q70,C
Q70D,Q70,D
Q70E,Q70,E
Q70F,Q70,F
Q70G,Q70,G
Q70H,Q70,H
Q70I,Q70,I
Q70K,Q70,K
Q70L,Q70,L
Q70M,Q70,M
Q70N,Q70,N
Q70P,Q70,P
Q70Q,Q70,Q
Q70R,Q70,R
Q70S,Q70,S
Q70T,Q70,T
Q70V,Q70,V
Q70W,Q70,W
Q70Y,Q70,Y
K71A,K71,A
K71C,K71,C
K71D,K71,D
K71E,K71,E
K71F,K71,F
K71G,K71,G
K71H,K71,H
K71I,K71,I
K71K,K71,K
K71L,K71,L
K71M,K71,M
K71N,K71,N
K71P,K71,P
K71Q,K71,Q
K71R,K71,R
K71S,K71,S
K71T,K71,T
K71V,K71,V
K71W,K71,W
K71Y,K71,Y
S72A,S72,A
S72C,S72,C
S72D,S72,D
S72E,S72,E
S72F,S72,F
S72G,S72,G
S72H,S72,H
S72I,S72,I
S72K,S72,K
S72L,S72,L
S72M,S72,M
S72N,S72,N
S72P,S72,P
S72Q,S72,Q
S72R,S72,R
S72S,S72,S
S72T,S72,T
S72V,S72,V
S72W,S72,W
S72Y,S72,Y
A73A,A73,A
A73C,A73,C
A73D,A73,D
A73E,A73,E
A73F,A73,F
A73G,A73,G
A73H,A73,H
A73I,A73,I
A73K,A73,K
A73L,A73,L
A73M,A73,M
A73N,A73,N
A73P,A73,P
A73Q,A73,Q
A73R,A73,R
A73S,A73,S
A73T,A73,T
A73V,A73,V
A73W,A73,W
A73Y,A73,Y
T74A,T74,A
T74C,T74,C
T74D,T74,D
T74E,T74,E
T74F,T74,F
T74G,T74,G
T74H,T74,H
T74I,T74,I
T74K,T74,K
T74L,T74,L
T74M,T74,M
T74N,T74,N
T74P,T74,P
T74Q,T74,Q
T74R,T74,R
T74S,T74,S
T74T,T74,T
T74V,T74,V
T74W,T74,W
T74Y,T74,Y
G75A,G75,A
G75C,G75,C
G75D,G75,D
G75E,G75,E
G75F,G75,F
G75G,G75,G
G75H,G75,H
G75I,G75,I
G75K,G75,K
G75L,G75,L
G75M,G75,M
G75N,G75,N
G75P,G75,P
G75Q,G75,Q
G75R,G75,R
G75S,G75,S
G75T,G75,T
G75V,G75,V
G75W,G75,W
G75Y,G75,Y
S76A,S76,A
S76C,S76,C
S76D,S76,D
S76E,S76,E
S76F,S76,F
S76G,S76,G
S76H,S76,H
S76I,S76,I
S76K,S76,K
S76L,S76,L
S76M,S76,M
S76N,S76,N
S76P,S76,P
S76Q,S76,Q
S76R,S76,R
S76S,S76,S
S76T,S76,T
S76V,S76,V
S76W,S76,W
S76Y,S76,Y
S77A,S77,A
S77C,S77,C
S77D,S77,D
S77E,S77,E
S77F,S77,F
S77G,S77,G
S77H,S77,H
S77I,S77,I
S77K,S77,K
S77L,S77,L
S77M,S77,M
S77N,S77,N
S77P,S77,P
S77Q,S77,Q
S77R,S77,R
S77S,S77,S
S77T,S77,T
S77V,S77,V
S77W,S77,W
S77Y,S77,Y
M78A,M78,A
M78C,M78,C
M78D,M78,D
M78E,M78,E
M78F,M78,F
M78G,M78,G
M78H,M78,H
M78I,M78,I
M78K,M78,K
M78L,M78,L
M78M,M78,M
M78N,M78,N
M78P,M78,P
M78Q,M78,Q
M78R,M78,R
M78S,M78,S
M78T,M78,T
M78V,M78,V
M78W,M78,W
M78Y,M78,Y
A79A,A79,A
A79C,A79,C
A79D,A79,D
A79E,A79,E
A79F,A79,F
A79G,A79,G
A79H,A79,H
A79I,A79,I
A79K,A79,K
A79L,A79,L
A79M,A79,M
A79N,A79,N
A79P,A79,P
A79Q,A79,Q
A79R,A79,R
A79S,A79,S
A79T,A79,T
A79V,A79,V
A79W,A79,W
A79Y,A79,Y
T80A,T80,A
T80C,T80,C
T80D,T80,D
T80E,T80,E
T80F,T80,F
T80G,T80,G
T80H,T80,H
T80I,T80,I
T80K,T80,K
T80L,T80,L
T80M,T80,M
T80N,T80,N
T80P,T80,P
T80Q,T80,Q
T80R,T80,R
T80S,T80,S
T80T,T80,T
T80V,T80,V
T80W,T80,W
T80Y,T80,Y
T81A,T81,A
T81C,T81,C
T81D,T81,D
T81E,T81,E
T81F,T81,F
T81G,T81,G
T81H,T81,H
T81I,T81,I
T81K,T81,K
T81L,T81,L
T81M,T81,M
T81N,T81,N
T81P,T81,P
T81Q,T81,Q
T81R,T81,R
T81S,T81,S
T81T,T81,T
T81V,T81,V
T81W,T81,W
T81Y,T81,Y
S82A,S82,A
S82C,S82,C
S82D,S82,D
S82E,S82,E
S82F,S82,F
S82G,S82,G
S82H,S82,H
S82I,S82,I
S82K,S82,K
S82L,S82,L
S82M,S82,M
S82N,S82,N
S82P,S82,P
S82Q,S82,Q
S82R,S82,R
S82S,S82,S
S82T,S82,T
S82V,S82,V
S82W,S82,W
S82Y,S82,Y
A83A,A83,A
A83C,A83,C
A83D,A83,D
A83E,A83,E
A83F,A83,F
A83G,A83,G
A83H,A83,H
A83I,A83,I
A83K,A83,K
A83L,A83,L
A83M,A83,M
A83N,A83,N
A83P,A83,P
A83Q,A83,Q
A83R,A83,R
A83S,A83,S
A83T,A83,T
A83V,A83,V
A83W,A83,W
A83Y,A83,Y
P84A,P84,A
P84C,P84,C
P84D,P84,D
P84E,P84,E
P84F,P84,F
P84G,P84,G
P84H,P84,H
P84I,P84,I
P84K,P84,K
P84L,P84,L
P84M,P84,M
P84N,P84,N
P84P,P84,P
P84Q,P84,Q
P84R,P84,R
P84S,P84,S
P84T,P84,T
P84V,P84,V
P84W,P84,W
P84Y,P84,Y
Q85A,Q85,A
Q85C,Q85,C
Q85D,Q85,D
Q85E,Q85,E
Q85F,Q85,F
Q85G,Q85,G
Q85H,Q85,H
Q85I,Q85,I
Q85K,Q85,K
Q85L,Q85,L
Q85M,Q85,M
Q85N,Q85,N
Q85P,Q85,P
Q85Q,Q85,Q
Q85R,Q85,R
Q85S,Q85,S
Q85T,Q85,T
Q85V,Q85,V
Q85W,Q85,W
Q85Y,Q85,Y
A86A,A86,A
A86C,A86,C
A86D,A86,D
A86E,A86,E
A86F,A86,F
A86G,A86,G
A86H,A86,H
A86I,A86,I
A86K,A86,K
A86L,A86,L
A86M,A86,M
A86N,A86,N
A86P,A86,P
A86Q,A86,Q
A86R,A86,R
A86S,A86,S
A86T,A86,T
A86V,A86,V
A86W,A86,W
A86Y,A86,Y
S87A,S87,A
S87C,S87,C
S87D,S87,D
S87E,S87,E
S87F,S87,F
S87G,S87,G
S87H,S87,H
S87I,S87,I
S87K,S87,K
S87L,S87,L
S87M,S87,M
S87N,S87,N
S87P,S87,P
S87Q,S87,Q
S87R,S87,R
S87S,S87,S
S87T,S87,T
S87V,S87,V
S87W,S87,W
S87Y,S87,Y
P88A,P88,A
P88C,P88,C
P88D,P88,D
P88E,P88,E
P88F,P88,F
P88G,P88,G
P88H,P88,H
P88I,P88,I
P88K,P88,K
P88L,P88,L
P88M,P88,M
P88N,P88,N
P88P,P88,P
P88Q,P88,Q
P88R,P88,R
P88S,P88,S
P88T,P88,T
P88V,P88,V
P88W,P88,W
P88Y,P88,Y
A89A,A89,A
A89C,A89,C
A89D,A89,D
A89E,A89,E
A89F,A89,F
A89G,A89,G
A89H,A89,H
A89I,A89,I
A89K,A89,K
A89L,A89,L
A89M,A89,M
A89N,A89,N
A89P,A89,P
A89Q,A89,Q
A89R,A89,R
A89S,A89,S
A89T,A89,T
A89V,A89,V
A89W,A89,W
A89Y,A89,Y
L90A,L90,A
L90C,L90,C
L90D,L90,D
L90E,L90,E
L90F,L90,F
L90G,L90,G
L90H,L90,H
L90I,L90,I
L90K,L90,K
L90L,L90,L
L90M,L90,M
L90N,L90,N
L90P,L90,P
L90Q,L90,Q
L90R,L90,R
L90S,L90,S
L90T,L90,T
L90V,L90,V
L90W,L90,W
L90Y,L90,Y
P91A,P91,A
P91C,P91,C
P91D,P91,D
P91E,P91,E
P91F,P91,F
P91G,P91,G
P91H,P91,H
P91I,P91,I
P91K,P91,K
P91L,P91,L
P91M,P91,M
P91N,P91,N
P91P,P91,P
P91Q,P91,Q
P91R,P91,R
P91S,P91,S
P91T,P91,T
P91V,P91,V
P91W,P91,W
P91Y,P91,Y
V92A,V92,A
V92C,V92,C
V92D,V92,D
V92E,V92,E
V92F,V92,F
V92G,V92,G
V92H,V92,H
V92I,V92,I
V92K,V92,K
V92L,V92,L
V92M,V92,M
V92N,V92,N
V92P,V92,P
V92Q,V92,Q
V92R,V92,R
V92S,V92,S
V92T,V92,T
V92V,V92,V
V92W,V92,W
V92Y,V92,Y
R93A,R93,A
R93C,R93,C
R93D,R93,D
R93E,R93,E
R93F,R93,F
R93G,R93,G
R93H,R93,H
R93I,R93,I
R93K,R93,K
R93L,R93,L
R93M,R93,M
R93N,R93,N
R93P,R93,P
R93Q,R93,Q
R93R,R93,R
R93S,R93,S
R93T,R93,T
R93V,R93,V
R93W,R93,W
R93Y,R93,Y
R94A,R94,A
R94C,R94,C
R94D,R94,D
R94E,R94,E
R94F,R94,F
R94G,R94,G
R94H,R94,H
R94I,R94,I
R94K,R94,K
R94L,R94,L
R94M,R94,M
R94N,R94,N
R94P,R94,P
R94Q,R94,Q
R94R,R94,R
R94S,R94,S
R94T,R94,T
R94V,R94,V
R94W,R94,W
R94Y,R94,Y
P95A,P95,A
P95C,P95,C
P95D,P95,D
P95E,P95,E
P95F,P95,F
P95G,P95,G
P95H,P95,H
P95I,P95,I
P95K,P95,K
P95L,P95,L
P95M,P95,M
P95N,P95,N
P95P,P95,P
P95Q,P95,Q
P95R,P95,R
P95S,P95,S
P95T,P95,T
P95V,P95,V
P95W,P95,W
P95Y,P95,Y
N96A,N96,A
N96C,N96,C
N96D,N96,D
N96E,N96,E
N96F,N96,F
N96G,N96,G
N96H,N96,H
N96I,N96,I
N96K,N96,K
N96L,N96,L
N96M,N96,M
N96N,N96,N
N96P,N96,P
N96Q,N96,Q
N96R,N96,R
N96S,N96,S
N96T,N96,T
N96V,N96,V
N96W,N96,W
N96Y,N96,Y
R97A,R97,A
R97C,R97,C
R97D,R97,D
R97E,R97,E
R97F,R97,F
R97G,R97,G
R97H,R97,H
R97I,R97,I
R97K,R97,K
R97L,R97,L
R97M,R97,M
R97N,R97,N
R97P,R97,P
R97Q,R97,Q
R97R,R97,R
R97S,R97,S
R97T,R97,T
R97V,R97,V
R97W,R97,W
R97Y,R97,Y
R98A,R98,A
R98C,R98,C
R98D,R98,D
R98E,R98,E
R98F,R98,F
R98G,R98,G
R98H,R98,H
R98I,R98,I
R98K,R98,K
R98L,R98,L
R98M,R98,M
R98N,R98,N
R98P,R98,P
R98Q,R98,Q
R98R,R98,R
R98S,R98,S
R98T,R98,T
R98V,R98,V
R98W,R98,W
R98Y,R98,Y
W99A,W99,A
W99C,W99,C
W99D,W99,D
W99E,W99,E
W99F,W99,F
W99G,W99,G
W99H,W99,H
W99I,W99,I
W99K,W99,K
W99L,W99,L
W99M,W99,M
W99N,W99,N
W99P,W99,P
W99Q,W99,Q
W99R,W99,R
W99S,W99,S
W99T,W99,T
W99V,W99,V
W99W,W99,W
W99Y,W99,Y
D100A,D100,A
D100C,D100,C
D100D,D100,D
D100E,D100,E
D100F,D100,F
D100G,D100,G
D100H,D100,H
D100I,D100,I
D100K,D100,K
D100L,D100,L
D100M,D100,M
D100N,D100,N
D100P,D100,P
D100Q,D100,Q
D100R,D100,R
D100S,D100,S
D100T,D100,T
D100V,D100,V
D100W,D100,W
D100Y,D100,Y
T101A,T101,A
T101C,T101,C
T101D,T101,D
T101E,T101,E
T101F,T101,F
T101G,T101,G
T101H,T101,H
T101I,T101,I
T101K,T101,K
T101L,T101,L
T101M,T101,M
T101N,T101,N
T101P,T101,P
T101Q,T101,Q
T101R,T101,R
T101S,T101,S
T101T,T101,T
T101V,T101,V
T101W,T101,W
T101Y,T101,Y
T102A,T102,A
T102C,T102,C
T102D,T102,D
T102E,T102,E
T102F,T102,F
T102G,T102,G
T102H,T102,H
T102I,T102,I
T102K,T102,K
T102L,T102,L
T102M,T102,M
T102N,T102,N
T102P,T102,P
T102Q,T102,Q
T102R,T102,R
T102S,T102,S
T102T,T102,T
T102V,T102,V
T102W,T102,W
T102Y,T102,Y
G103A,G103,A
G103C,G103,C
G103D,G103,D
G103E,G103,E
G103F,G103,F
G103G,G103,G
G103H,G103,H
G103I,G103,I
G103K,G103,K
G103L,G103,L
G103M,G103,M
G103N,G103,N
G103P,G103,P
G103Q,G103,Q
G103R,G103,R
G103S,G103,S
G103T,G103,T
G103V,G103,V
G103W,G103,W
G103Y,G103,Y
T104A,T104,A
T104C,T104,C
T104D,T104,D
T104E,T104,E
T104F,T104,F
T104G,T104,G
T104H,T104,H
T104I,T104,I
T104K,T104,K
T104L,T104,L
T104M,T104,M
T104N,T104,N
T104P,T104,P
T104Q,T104,Q
T104R,T104,R
T104S,T104,S
T104T,T104,T
T104V,T104,V
T104W,T104,W
T104Y,T104,Y
R105A,R105,A
R105C,R105,C
R105D,R105,D
R105E,R105,E
R105F,R105,F
R105G,R105,G
R105H,R105,H
R105I,R105,I
R105K,R105,K
R105L,R105,L
R105M,R105,M
R105N,R105,N
R105P,R105,P
R105Q,R105,Q
R105R,R105,R
R105S,R105,S
R105T,R105,T
R105V,R105,V
R105W,R105,W
R105Y,R105,Y
A106A,A106,A
A106C,A106,C
A106D,A106,D
A106E,A106,E
A106F,A106,F
A106G,A106,G
A106H,A106,H
A106I,A106,I
A106K,A106,K
A106L,A106,L
A106M,A106,M
A106N,A106,N
A106P,A106,P
A106Q,A106,Q
A106R,A106,R
A106S,A106,S
A106T,A106,T
A106V,A106,V
A106W,A106,W
A106Y,A106,Y
G107A,G107,A
G107C,G107,C
G107D,G107,D
G107E,G107,E
G107F,G107,F
G107G,G107,G
G107H,G107,H
G107I,G107,I
G107K,G107,K
G107L,G107,L
G107M,G107,M
G107N,G107,N
G107P,G107,P
G107Q,G107,Q
G107R,G107,R
G107S,G107,S
G107T,G107,T
G107V,G107,V
G107W,G107,W
G107Y,G107,Y
K108A,K108,A
K108C,K108,C
K108D,K108,D
K108E,K108,E
K108F,K108,F
K108G,K108,G
K108H,K108,H
K108I,K108,I
K108K,K108,K
K108L,K108,L
K108M,K108,M
K108N,K108,N
K108P,K108,P
K108Q,K108,Q
K108R,K108,R
K108S,K108,S
K108T,K108,T
K108V,K108,V
K108W,K108,W
K108Y,K108,Y
S109A,S109,A
S109C,S109,C
S109D,S109,D
S109E,S109,E
S109F,S109,F
S109G,S109,G
S109H,S109,H
S109I,S109,I
S109K,S109,K
S109L,S109,L
S109M,S109,M
S109N,S109,N
S109P,S109,P
S109Q,S109,Q
S109R,S109,R
S109S,S109,S
S109T,S109,T
S109V,S109,V
S109W,S109,W
S109Y,S109,Y
K110A,K110,A
K110C,K110,C
K110D,K110,D
K110E,K110,E
K110F,K110,F
K110G,K110,G
K110H,K110,H
K110I,K110,I
K110K,K110,K
K110L,K110,L
K110M,K110,M
K110N,K110,N
K110P,K110,P
K110Q,K110,Q
K110R,K110,R
K110S,K110,S
K110T,K110,T
K110V,K110,V
K110W,K110,W
K110Y,K110,Y
Q111A,Q111,A
Q111C,Q111,C
Q111D,Q111,D
Q111E,Q111,E
Q111F,Q111,F
Q111G,Q111,G
Q111H,Q111,H
Q111I,Q111,I
Q111K,Q111,K
Q111L,Q111,L
Q111M,Q111,M
Q111N,Q111,N
Q111P,Q111,P
Q111Q,Q111,Q
Q111R,Q111,R
Q111S,Q111,S
Q111T,Q111,T
Q111V,Q111,V
Q111W,Q111,W
Q111Y,Q111,Y
P112A,P112,A
P112C,P112,C
P112D,P112,D
P112E,P112,E
P112F,P112,F
P112G,P112,G
P112H,P112,H
P112I,P112,I
P112K,P112,K
P112L,P112,L
P112M,P112,M
P112N,P112,N
P112P,P112,P
P112Q,P112,Q
P112R,P112,R
P112S,P112,S
P112T,P112,T
P112V,P112,V
P112W,P112,W
P112Y,P112,Y
P113A,P113,A
P113C,P113,C
P113D,P113,D
P113E,P113,E
P113F,P113,F
P113G,P113,G
P113H,P113,H
P113I,P113,I
P113K,P113,K
P113L,P113,L
P113M,P113,M
P113N,P113,N
P113P,P113,P
P113Q,P113,Q
P113R,P113,R
P113S,P113,S
P113T,P113,T
P113V,P113,V
P113W,P113,W
P113Y,P113,Y
P114A,P114,A
P114C,P114,C
P114D,P114,D
P114E,P114,E
P114F,P114,F
P114G,P114,G
P114H,P114,H
P114I,P114,I
P114K,P114,K
P114L,P114,L
P114M,P114,M
P114N,P114,N
P114P,P114,P
P114Q,P114,Q
P114R,P114,R
P114S,P114,S
P114T,P114,T
P114V,P114,V
P114W,P114,W
P114Y,P114,Y
L115A,L115,A
L115C,L115,C
L115D,L115,D
L115E,L115,E
L115F,L115,F
L115G,L115,G
L115H,L115,H
L115I,L115,I
L115K,L115,K
L115L,L115,L
L115M,L115,M
L115N,L115,N
L115P,L115,P
L115Q,L115,Q
L115R,L115,R
L115S,L115,S
L115T,L115,T
L115V,L115,V
L115W,L115,W
L115Y,L115,Y
A116A,A116,A
A116C,A116,C
A116D,A116,D
A116E,A116,E
A116F,A116,F
A116G,A116,G
A116H,A116,H
A116I,A116,I
A116K,A116,K
A116L,A116,L
A116M,A116,M
A116N,A116,N
A116P,A116,P
A116Q,A116,Q
A116R,A116,R
A116S,A116,S
A116T,A116,T
A116V,A116,V
A116W,A116,W
A116Y,A116,Y
Q117A,Q117,A
Q117C,Q117,C
Q117D,Q117,D
Q117E,Q117,E
Q117F,Q117,F
Q117G,Q117,G
Q117H,Q117,H
Q117I,Q117,I
Q117K,Q117,K
Q117L,Q117,L
Q117M,Q117,M
Q117N,Q117,N
Q117P,Q117,P
Q117Q,Q117,Q
Q117R,Q117,R
Q117S,Q117,S
Q117T,Q117,T
Q117V,Q117,V
Q117W,Q117,W
Q117Y,Q117,Y
E118A,E118,A
E118C,E118,C
E118D,E118,D
E118E,E118,E
E118F,E118,F
E118G,E118,G
E118H,E118,H
E118I,E118,I
E118K,E118,K
E118L,E118,L
E118M,E118,M
E118N,E118,N
E118P,E118,P
E118Q,E118,Q
E118R,E118,R
E118S,E118,S
E118T,E118,T
E118V,E118,V
E118W,E118,W
E118Y,E118,Y
Q119A,Q119,A
Q119C,Q119,C
Q119D,Q119,D
Q119E,Q119,E
Q119F,Q119,F
Q119G,Q119,G
Q119H,Q119,H
Q119I,Q119,I
Q119K,Q119,K
Q119L,Q119,L
Q119M,Q119,M
Q119N,Q119,N
Q119P,Q119,P
Q119Q,Q119,Q
Q119R,Q119,R
Q119S,Q119,S
Q119T,Q119,T
Q119V,Q119,V
Q119W,Q119,W
Q119Y,Q119,Y
Q120A,Q120,A
Q120C,Q120,C
Q120D,Q120,D
Q120E,Q120,E
Q120F,Q120,F
Q120G,Q120,G
Q120H,Q120,H
Q120I,Q120,I
Q120K,Q120,K
Q120L,Q120,L
Q120M,Q120,M
Q120N,Q120,N
Q120P,Q120,P
Q120Q,Q120,Q
Q120R,Q120,R
Q120S,Q120,S
Q120T,Q120,T
Q120V,Q120,V
Q120W,Q120,W
Q120Y,Q120,Y
Q121A,Q121,A
Q121C,Q121,C
Q121D,Q121,D
Q121E,Q121,E
Q121F,Q121,F
Q121G,Q121,G
Q121H,Q121,H
Q121I,Q121,I
Q121K,Q121,K
Q121L,Q121,L
Q121M,Q121,M
Q121N,Q121,N
Q121P,Q121,P
Q121Q,Q121,Q
Q121R,Q121,R
Q121S,Q121,S
Q121T,Q121,T
Q121V,Q121,V
Q121W,Q121,W
Q121Y,Q121,Y
R122A,R122,A
R122C,R122,C
R122D,R122,D
R122E,R122,E
R122F,R122,F
R122G,R122,G
R122H,R122,H
R122I,R122,I
R122K,R122,K
R122L,R122,L
R122M,R122,M
R122N,R122,N
R122P,R122,P
R122Q,R122,Q
R122R,R122,R
R122S,R122,S
R122T,R122,T
R122V,R122,V
R122W,R122,W
R122Y,R122,Y
Q123A,Q123,A
Q123C,Q123,C
Q123D,Q123,D
Q123E,Q123,E
Q123F,Q123,F
Q123G,Q123,G
Q123H,Q123,H
Q123I,Q123,I
Q123K,Q123,K
Q123L,Q123,L
Q123M,Q123,M
Q123N,Q123,N
Q123P,Q123,P
Q123Q,Q123,Q
Q123R,Q123,R
Q123S,Q123,S
Q123T,Q123,T
Q123V,Q123,V
Q123W,Q123,W
Q123Y,Q123,Y
G124A,G124,A
G124C,G124,C
G124D,G124,D
G124E,G124,E
G124F,G124,F
G124G,G124,G
G124H,G124,H
G124I,G124,I
G124K,G124,K
G124L,G124,L
G124M,G124,M
G124N,G124,N
G124P,G124,P
G124Q,G124,Q
G124R,G124,R
G124S,G124,S
G124T,G124,T
G124V,G124,V
G124W,G124,W
G124Y,G124,Y
Y125A,Y125,A
Y125C,Y125,C
Y125D,Y125,D
Y125E,Y125,E
Y125F,Y125,F
Y125G,Y125,G
Y125H,Y125,H
Y125I,Y125,I
Y125K,Y125,K
Y125L,Y125,L
Y125M,Y125,M
Y125N,Y125,N
Y125P,Y125,P
Y125Q,Y125,Q
Y125R,Y125,R
Y125S,Y125,S
Y125T,Y125,T
Y125V,Y125,V
Y125W,Y125,W
Y125Y,Y125,Y
R126A,R126,A
R126C,R126,C
R126D,R126,D
R126E,R126,E
R126F,R126,F
R126G,R126,G
R126H,R126,H
R126I,R126,I
R126K,R126,K
R126L,R126,L
R126M,R126,M
R126N,R126,N
R126P,R126,P
R126Q,R126,Q
R126R,R126,R
R126S,R126,S
R126T,R126,T
R126V,R126,V
R126W,R126,W
R126Y,R126,Y
S127A,S127,A
S127C,S127,C
S127D,S127,D
S127E,S127,E
S127F,S127,F
S127G,S127,G
S127H,S127,H
S127I,S127,I
S127K,S127,K
S127L,S127,L
S127M,S127,M
S127N,S127,N
S127P,S127,P
S127Q,S127,Q
S127R,S127,R
S127S,S127,S
S127T,S127,T
S127V,S127,V
S127W,S127,W
S127Y,S127,Y
W128A,W128,A
W128C,W128,C
W128D,W128,D
W128E,W128,E
W128F,W128,F
W128G,W128,G
W128H,W128,H
W128I,W128,I
W128K,W128,K
W128L,W128,L
W128M,W128,M
W128N,W128,N
W128P,W128,P
W128Q,W128,Q
W128R,W128,R
W128S,W128,S
W128T,W128,T
W128V,W128,V
W128W,W128,W
W128Y,W128,Y
R129A,R129,A
R129C,R129,C
R129D,R129,D
R129E,R129,E
R129F,R129,F
R129G,R129,G
R129H,R129,H
R129I,R129,I
R129K,R129,K
R129L,R129,L
R129M,R129,M
R129N,R129,N
R129P,R129,P
R129Q,R129,Q
R129R,R129,R
R129S,R129,S
R129T,R129,T
R129V,R129,V
R129W,R129,W
R129Y,R129,Y
G130A,G130,A
G130C,G130,C
G130D,G130,D
G130E,G130,E
G130F,G130,F
G130G,G130,G
G130H,G130,H
G130I,G130,I
G130K,G130,K
G130L,G130,L
G130M,G130,M
G130N,G130,N
G130P,G130,P
G130Q,G130,Q
G130R,G130,R
G130S,G130,S
G130T,G130,T
G130V,G130,V
G130W,G130,W
G130Y,G130,Y
H131A,H131,A
H131C,H131,C
H131D,H131,D
H131E,H131,E
H131F,H131,F
H131G,H131,G
H131H,H131,H
H131I,H131,I
H131K,H131,K
H131L,H131,L
H131M,H131,M
H131N,H131,N
H131P,H131,P
H131Q,H131,Q
H131R,H131,R
H131S,H131,S
H131T,H131,T
H131V,H131,V
H131W,H131,W
H131Y,H131,Y
K132A,K132,A
K132C,K132,C
K132D,K132,D
K132E,K132,E
K132F,K132,F
K132G,K132,G
K132H,K132,H
K132I,K132,I
K132K,K132,K
K132L,K132,L
K132M,K132,M
K132N,K132,N
K132P,K132,P
K132Q,K132,Q
K132R,K132,R
K132S,K132,S
K132T,K132,T
K132V,K132,V
K132W,K132,W
K132Y,K132,Y
N133A,N133,A
N133C,N133,C
N133D,N133,D
N133E,N133,E
N133F,N133,F
N133G,N133,G
N133H,N133,H
N133I,N133,I
N133K,N133,K
N133L,N133,L
N133M,N133,M
N133N,N133,N
N133P,N133,P
N133Q,N133,Q
N133R,N133,R
N133S,N133,S
N133T,N133,T
N133V,N133,V
N133W,N133,W
N133Y,N133,Y
A134A,A134,A
A134C,A134,C
A134D,A134,D
A134E,A134,E
A134F,A134,F
A134G,A134,G
A134H,A134,H
A134I,A134,I
A134K,A134,K
A134L,A134,L
A134M,A134,M
A134N,A134,N
A134P,A134,P
A134Q,A134,Q
A134R,A134,R
A134S,A134,S
A134T,A134,T
A134V,A134,V
A134W,A134,W
A134Y,A134,Y
I135A,I135,A
I135C,I135,C
I135D,I135,D
I135E,I135,E
I135F,I135,F
I135G,I135,G
I135H,I135,H
I135I,I135,I
I135K,I135,K
I135L,I135,L
I135M,I135,M
I135N,I135,N
I135P,I135,P
I135Q,I135,Q
I135R,I135,R
I135S,I135,S
I135T,I135,T
I135V,I135,V
I135W,I135,W
I135Y,I135,Y
V136A,V136,A
V136C,V136,C
V136D,V136,D
V136E,V136,E
V136F,V136,F
V136G,V136,G
V136H,V136,H
V136I,V136,I
V136K,V136,K
V136L,V136,L
V136M,V136,M
V136N,V136,N
V136P,V136,P
V136Q,V136,Q
V136R,V136,R
V136S,V136,S
V136T,V136,T
V136V,V136,V
V136W,V136,W
V136Y,V136,Y
A137A,A137,A
A137C,A137,C
A137D,A137,D
A137E,A137,E
A137F,A137,F
A137G,A137,G
A137H,A137,H
A137I,A137,I
A137K,A137,K
A137L,A137,L
A137M,A137,M
A137N,A137,N
A137P,A137,P
A137Q,A137,Q
A137R,A137,R
A137S,A137,S
A137T,A137,T
A137V,A137,V
A137W,A137,W
A137Y,A137,Y
C138A,C138,A
C138C,C138,C
C138D,C138,D
C138E,C138,E
C138F,C138,F
C138G,C138,G
C138H,C138,H
C138I,C138,I
C138K,C138,K
C138L,C138,L
C138M,C138,M
C138N,C138,N
C138P,C138,P
C138Q,C138,Q
C138R,C138,R
C138S,C138,S
C138T,C138,T
C138V,C138,V
C138W,C138,W
C138Y,C138,Y
L139A,L139,A
L139C,L139,C
L139D,L139,D
L139E,L139,E
L139F,L139,F
L139G,L139,G
L139H,L139,H
L139I,L139,I
L139K,L139,K
L139L,L139,L
L139M,L139,M
L139N,L139,N
L139P,L139,P
L139Q,L139,Q
L139R,L139,R
L139S,L139,S
L139T,L139,T
L139V,L139,V
L139W,L139,W
L139Y,L139,Y
Q140A,Q140,A
Q140C,Q140,C
Q140D,Q140,D
Q140E,Q140,E
Q140F,Q140,F
Q140G,Q140,G
Q140H,Q140,H
Q140I,Q140,I
Q140K,Q140,K
Q140L,Q140,L
Q140M,Q140,M
Q140N,Q140,N
Q140P,Q140,P
Q140Q,Q140,Q
Q140R,Q140,R
Q140S,Q140,S
Q140T,Q140,T
Q140V,Q140,V
Q140W,Q140,W
Q140Y,Q140,Y
D141A,D141,A
D141C,D141,C
D141D,D141,D
D141E,D141,E
D141F,D141,F
D141G,D141,G
D141H,D141,H
D141I,D141,I
D141K,D141,K
D141L,D141,L
D141M,D141,M
D141N,D141,N
D141P,D141,P
D141Q,D141,Q
D141R,D141,R
D141S,D141,S
D141T,D141,T
D141V,D141,V
D141W,D141,W
D141Y,D141,Y
C142A,C142,A
C142C,C142,C
C142D,C142,D
C142E,C142,E
C142F,C142,F
C142G,C142,G
C142H,C142,H
C142I,C142,I
C142K,C142,K
C142L,C142,L
C142M,C142,M
C142N,C142,N
C142P,C142,P
C142Q,C142,Q
C142R,C142,R
C142S,C142,S
C142T,C142,T
C142V,C142,V
C142W,C142,W
C142Y,C142,Y
G143A,G143,A
G143C,G143,C
G143D,G143,D
G143E,G143,E
G143F,G143,F
G143G,G143,G
G143H,G143,H
G143I,G143,I
G143K,G143,K
G143L,G143,L
G143M,G143,M
G143N,G143,N
G143P,G143,P
G143Q,G143,Q
G143R,G143,R
G143S,G143,S
G143T,G143,T
G143V,G143,V
G143W,G143,W
G143Y,G143,Y
G144A,G144,A
G144C,G144,C
G144D,G144,D
G144E,G144,E
G144F,G144,F
G144G,G144,G
G144H,G144,H
G144I,G144,I
G144K,G144,K
G144L,G144,L
G144M,G144,M
G144N,G144,N
G144P,G144,P
G144Q,G144,Q
G144R,G144,R
G144S,G144,S
G144T,G144,T
G144V,G144,V
G144W,G144,W
G144Y,G144,Y
N145A,N145,A
N145C,N145,C
N145D,N145,D
N145E,N145,E
N145F,N145,F
N145G,N145,G
N145H,N145,H
N145I,N145,I
N145K,N145,K
N145L,N145,L
N145M,N145,M
N145N,N145,N
N145P,N145,P
N145Q,N145,Q
N145R,N145,R
N145S,N145,S
N145T,N145,T
N145V,N145,V
N145W,N145,W
N145Y,N145,Y
I146A,I146,A
I146C,I146,C
I146D,I146,D
I146E,I146,E
I146F,I146,F
I146G,I146,G
I146H,I146,H
I146I,I146,I
I146K,I146,K
I146L,I146,L
I146M,I146,M
I146N,I146,N
I146P,I146,P
I146Q,I146,Q
I146R,I146,R
I146S,I146,S
I146T,I146,T
I146V,I146,V
I146W,I146,W
I146Y,I146,Y
S147A,S147,A
S147C,S147,C
S147D,S147,D
S147E,S147,E
S147F,S147,F
S147G,S147,G
S147H,S147,H
S147I,S147,I
S147K,S147,K
S147L,S147,L
S147M,S147,M
S147N,S147,N
S147P,S147,P
S147Q,S147,Q
S147R,S147,R
S147S,S147,S
S147T,S147,T
S147V,S147,V
S147W,S147,W
S147Y,S147,Y
F148A,F148,A
F148C,F148,C
F148D,F148,D
F148E,F148,E
F148F,F148,F
F148G,F148,G
F148H,F148,H
F148I,F148,I
F148K,F148,K
F148L,F148,L
F148M,F148,M
F148N,F148,N
F148P,F148,P
F148Q,F148,Q
F148R,F148,R
F148S,F148,S
F148T,F148,T
F148V,F148,V
F148W,F148,W
F148Y,F148,Y
A149A,A149,A
A149C,A149,C
A149D,A149,D
A149E,A149,E
A149F,A149,F
A149G,A149,G
A149H,A149,H
A149I,A149,I
A149K,A149,K
A149L,A149,L
A149M,A149,M
A149N,A149,N
A149P,A149,P
A149Q,A149,Q
A149R,A149,R
A149S,A149,S
A149T,A149,T
A149V,A149,V
A149W,A149,W
A149Y,A149,Y
R150A,R150,A
R150C,R150,C
R150D,R150,D
R150E,R150,E
R150F,R150,F
R150G,R150,G
R150H,R150,H
R150I,R150,I
R150K,R150,K
R150L,R150,L
R150M,R150,M
R150N,R150,N
R150P,R150,P
R150Q,R150,Q
R150R,R150,R
R150S,R150,S
R150T,R150,T
R150V,R150,V
R150W,R150,W
R150Y,R150,Y
R151A,R151,A
R151C,R151,C
R151D,R151,D
R151E,R151,E
R151F,R151,F
R151G,R151,G
R151H,R151,H
R151I,R151,I
R151K,R151,K
R151L,R151,L
R151M,R151,M
R151N,R151,N
R151P,R151,P
R151Q,R151,Q
R151R,R151,R
R151S,R151,S
R151T,R151,T
R151V,R151,V
R151W,R151,W
R151Y,R151,Y
F152A,F152,A
F152C,F152,C
F152D,F152,D
F152E,F152,E
F152F,F152,F
F152G,F152,G
F152H,F152,H
F152I,F152,I
F152K,F152,K
F152L,F152,L
F152M,F152,M
F152N,F152,N
F152P,F152,P
F152Q,F152,Q
F152R,F152,R
F152S,F152,S
F152T,F152,T
F152V,F152,V
F152W,F152,W
F152Y,F152,Y
L153A,L153,A
L153C,L153,C
L153D,L153,D
L153E,L153,E
L153F,L153,F
L153G,L153,G
L153H,L153,H
L153I,L153,I
L153K,L153,K
L153L,L153,L
L153M,L153,M
L153N,L153,N
L153P,L153,P
L153Q,L153,Q
L153R,L153,R
L153S,L153,S
L153T,L153,T
L153V,L153,V
L153W,L153,W
L153Y,L153,Y
L154A,L154,A
L154C,L154,C
L154D,L154,D
L154E,L154,E
L154F,L154,F
L154G,L154,G
L154H,L154,H
L154I,L154,I
L154K,L154,K
L154L,L154,L
L154M,L154,M
L154N,L154,N
L154P,L154,P
L154Q,L154,Q
L154R,L154,R
L154S,L154,S
L154T,L154,T
L154V,L154,V
L154W,L154,W
L154Y,L154,Y
Y155A,Y155,A
Y155C,Y155,C
Y155D,Y155,D
Y155E,Y155,E
Y155F,Y155,F
Y155G,Y155,G
Y155H,Y155,H
Y155I,Y155,I
Y155K,Y155,K
Y155L,Y155,L
Y155M,Y155,M
Y155N,Y155,N
Y155P,Y155,P
Y155Q,Y155,Q
Y155R,Y155,R
Y155S,Y155,S
Y155T,Y155,T
Y155V,Y155,V
Y155W,Y155,W
Y155Y,Y155,Y
H156A,H156,A
H156C,H156,C
H156D,H156,D
H156E,H156,E
H156F,H156,F
H156G,H156,G
H156H,H156,H
H156I,H156,I
H156K,H156,K
H156L,H156,L
H156M,H156,M
H156N,H156,N
H156P,H156,P
H156Q,H156,Q
H156R,H156,R
H156S,H156,S
H156T,H156,T
H156V,H156,V
H156W,H156,W
H156Y,H156,Y
H157A,H157,A
H157C,H157,C
H157D,H157,D
H157E,H157,E
H157F,H157,F
H157G,H157,G
H157H,H157,H
H157I,H157,I
H157K,H157,K
H157L,H157,L
H157M,H157,M
H157N,H157,N
H157P,H157,P
H157Q,H157,Q
H157R,H157,R
H157S,H157,S
H157T,H157,T
H157V,H157,V
H157W,H157,W
H157Y,H157,Y
G158A,G158,A
G158C,G158,C
G158D,G158,D
G158E,G158,E
G158F,G158,F
G158G,G158,G
G158H,G158,H
G158I,G158,I
G158K,G158,K
G158L,G158,L
G158M,G158,M
G158N,G158,N
G158P,G158,P
G158Q,G158,Q
G158R,G158,R
G158S,G158,S
G158T,G158,T
G158V,G158,V
G158W,G158,W
G158Y,G158,Y
V159A,V159,A
V159C,V159,C
V159D,V159,D
V159E,V159,E
V159F,V159,F
V159G,V159,G
V159H,V159,H
V159I,V159,I
V159K,V159,K
V159L,V159,L
V159M,V159,M
V159N,V159,N
V159P,V159,P
V159Q,V159,Q
V159R,V159,R
V159S,V159,S
V159T,V159,T
V159V,V159,V
V159W,V159,W
V159Y,V159,Y
A160A,A160,A
A160C,A160,C
A160D,A160,D
A160E,A160,E
A160F,A160,F
A160G,A160,G
A160H,A160,H
A160I,A160,I
A160K,A160,K
A160L,A160,L
A160M,A160,M
A160N,A160,N
A160P,A160,P
A160Q,A160,Q
A160R,A160,R
A160S,A160,S
A160T,A160,T
A160V,A160,V
A160W,A160,W
A160Y,A160,Y
F161A,F161,A
F161C,F161,C
F161D,F161,D
F161E,F161,E
F161F,F161,F
F161G,F161,G
F161H,F161,H
F161I,F161,I
F161K,F161,K
F161L,F161,L
F161M,F161,M
F161N,F161,N
F161P,F161,P
F161Q,F161,Q
F161R,F161,R
F161S,F161,S
F161T,F161,T
F161V,F161,V
F161W,F161,W
F161Y,F161,Y
P162A,P162,A
P162C,P162,C
P162D,P162,D
P162E,P162,E
P162F,P162,F
P162G,P162,G
P162H,P162,H
P162I,P162,I
P162K,P162,K
P162L,P162,L
P162M,P162,M
P162N,P162,N
P162P,P162,P
P162Q,P162,Q
P162R,P162,R
P162S,P162,S
P162T,P162,T
P162V,P162,V
P162W,P162,W
P162Y,P162,Y
R163A,R163,A
R163C,R163,C
R163D,R163,D
R163E,R163,E
R163F,R163,F
R163G,R163,G
R163H,R163,H
R163I,R163,I
R163K,R163,K
R163L,R163,L
R163M,R163,M
R163N,R163,N
R163P,R163,P
R163Q,R163,Q
R163R,R163,R
R163S,R163,S
R163T,R163,T
R163V,R163,V
R163W,R163,W
R163Y,R163,Y
N164A,N164,A
N164C,N164,C
N164D,N164,D
N164E,N164,E
N164F,N164,F
N164G,N164,G
N164H,N164,H
N164I,N164,I
N164K,N164,K
N164L,N164,L
N164M,N164,M
N164N,N164,N
N164P,N164,P
N164Q,N164,Q
N164R,N164,R
N164S,N164,S
N164T,N164,T
N164V,N164,V
N164W,N164,W
N164Y,N164,Y
I165A,I165,A
I165C,I165,C
I165D,I165,D
I165E,I165,E
I165F,I165,F
I165G,I165,G
I165H,I165,H
I165I,I165,I
I165K,I165,K
I165L,I165,L
I165M,I165,M
I165N,I165,N
I165P,I165,P
I165Q,I165,Q
I165R,I165,R
I165S,I165,S
I165T,I165,T
I165V,I165,V
I165W,I165,W
I165Y,I165,Y
L166A,L166,A
L166C,L166,C
L166D,L166,D
L166E,L166,E
L166F,L166,F
L166G,L166,G
L166H,L166,H
L166I,L166,I
L166K,L166,K
L166L,L166,L
L166M,L166,M
L166N,L166,N
L166P,L166,P
L166Q,L166,Q
L166R,L166,R
L166S,L166,S
L166T,L166,T
L166V,L166,V
L166W,L166,W
L166Y,L166,Y
H167A,H167,A
H167C,H167,C
H167D,H167,D
H167E,H167,E
H167F,H167,F
H167G,H167,G
H167H,H167,H
H167I,H167,I
H167K,H167,K
H167L,H167,L
H167M,H167,M
H167N,H167,N
H167P,H167,P
H167Q,H167,Q
H167R,H167,R
H167S,H167,S
H167T,H167,T
H167V,H167,V
H167W,H167,W
H167Y,H167,Y
Y168A,Y168,A
Y168C,Y168,C
Y168D,Y168,D
Y168E,Y168,E
Y168F,Y168,F
Y168G,Y168,G
Y168H,Y168,H
Y168I,Y168,I
Y168K,Y168,K
Y168L,Y168,L
Y168M,Y168,M
Y168N,Y168,N
Y168P,Y168,P
Y168Q,Y168,Q
Y168R,Y168,R
Y168S,Y168,S
Y168T,Y168,T
Y168V,Y168,V
Y168W,Y168,W
Y168Y,Y168,Y
Y169A,Y169,A
Y169C,Y169,C
Y169D,Y169,D
Y169E,Y169,E
Y169F,Y169,F
Y169G,Y169,G
Y169H,Y169,H
Y169I,Y169,I
Y169K,Y169,K
Y169L,Y169,L
Y169M,Y169,M
Y169N,Y169,N
Y169P,Y169,P
Y169Q,Y169,Q
Y169R,Y169,R
Y169S,Y169,S
Y169T,Y169,T
Y169V,Y169,V
Y169W,Y169,W
Y169Y,Y169,Y
R170A,R170,A
R170C,R170,C
R170D,R170,D
R170E,R170,E
R170F,R170,F
R170G,R170,G
R170H,R170,H
R170I,R170,I
R170K,R170,K
R170L,R170,L
R170M,R170,M
R170N,R170,N
R170P,R170,P
R170Q,R170,Q
R170R,R170,R
R170S,R170,S
R170T,R170,T
R170V,R170,V
R170W,R170,W
R170Y,R170,Y
H171A,H171,A
H171C,H171,C
H171D,H171,D
H171E,H171,E
H171F,H171,F
H171G,H171,G
H171H,H171,H
H171I,H171,I
H171K,H171,K
H171L,H171,L
H171M,H171,M
H171N,H171,N
H171P,H171,P
H171Q,H171,Q
H171R,H171,R
H171S,H171,S
H171T,H171,T
H171V,H171,V
H171W,H171,W
H171Y,H171,Y
L172A,L172,A
L172C,L172,C
L172D,L172,D
L172E,L172,E
L172F,L172,F
L172G,L172,G
L172H,L172,H
L172I,L172,I
L172K,L172,K
L172L,L172,L
L172M,L172,M
L172N,L172,N
L172P,L172,P
L172Q,L172,Q
L172R,L172,R
L172S,L172,S
L172T,L172,T
L172V,L172,V
L172W,L172,W
L172Y,L172,Y
Y173A,Y173,A
Y173C,Y173,C
Y173D,Y173,D
Y173E,Y173,E
Y173F,Y173,F
Y173G,Y173,G
Y173H,Y173,H
Y173I,Y173,I
Y173K,Y173,K
Y173L,Y173,L
Y173M,Y173,M
Y173N,Y173,N
Y173P,Y173,P
Y173Q,Y173,Q
Y173R,Y173,R
Y173S,Y173,S
Y173T,Y173,T
Y173V,Y173,V
Y173W,Y173,W
Y173Y,Y173,Y
S174A,S174,A
S174C,S174,C
S174D,S174,D
S174E,S174,E
S174F,S174,F
S174G,S174,G
S174H,S174,H
S174I,S174,I
S174K,S174,K
S174L,S174,L
S174M,S174,M
S174N,S174,N
S174P,S174,P
S174Q,S174,Q
S174R,S174,R
S174S,S174,S
S174T,S174,T
S174V,S174,V
S174W,S174,W
S174Y,S174,Y
P175A,P175,A
P175C,P175,C
P175D,P175,D
P175E,P175,E
P175F,P175,F
P175G,P175,G
P175H,P175,H
P175I,P175,I
P175K,P175,K
P175L,P175,L
P175M,P175,M
P175N,P175,N
P175P,P175,P
P175Q,P175,Q
P175R,P175,R
P175S,P175,S
P175T,P175,T
P175V,P175,V
P175W,P175,W
P175Y,P175,Y
Y176A,Y176,A
Y176C,Y176,C
Y176D,Y176,D
Y176E,Y176,E
Y176F,Y176,F
Y176G,Y176,G
Y176H,Y176,H
Y176I,Y176,I
Y176K,Y176,K
Y176L,Y176,L
Y176M,Y176,M
Y176N,Y176,N
Y176P,Y176,P
Y176Q,Y176,Q
Y176R,Y176,R
Y176S,Y176,S
Y176T,Y176,T
Y176V,Y176,V
Y176W,Y176,W
Y176Y,Y176,Y
C177A,C177,A
C177C,C177,C
C177D,C177,D
C177E,C177,E
C177F,C177,F
C177G,C177,G
C177H,C177,H
C177I,C177,I
C177K,C177,K
C177L,C177,L
C177M,C177,M
C177N,C177,N
C177P,C177,P
C177Q,C177,Q
C177R,C177,R
C177S,C177,S
C177T,C177,T
C177V,C177,V
C177W,C177,W
C177Y,C177,Y
T178A,T178,A
T178C,T178,C
T178D,T178,D
T178E,T178,E
T178F,T178,F
T178G,T178,G
T178H,T178,H
T178I,T178,I
T178K,T178,K
T178L,T178,L
T178M,T178,M
T178N,T178,N
T178P,T178,P
T178Q,T178,Q
T178R,T178,R
T178S,T178,S
T178T,T178,T
T178V,T178,V
T178W,T178,W
T178Y,T178,Y
G179A,G179,A
G179C,G179,C
G179D,G179,D
G179E,G179,E
G179F,G179,F
G179G,G179,G
G179H,G179,H
G179I,G179,I
G179K,G179,K
G179L,G179,L
G179M,G179,M
G179N,G179,N
G179P,G179,P
G179Q,G179,Q
G179R,G179,R
G179S,G179,S
G179T,G179,T
G179V,G179,V
G179W,G179,W
G179Y,G179,Y
G180A,G180,A
G180C,G180,C
G180D,G180,D
G180E,G180,E
G180F,G180,F
G180G,G180,G
G180H,G180,H
G180I,G180,I
G180K,G180,K
G180L,G180,L
G180M,G180,M
G180N,G180,N
G180P,G180,P
G180Q,G180,Q
G180R,G180,R
G180S,G180,S
G180T,G180,T
G180V,G180,V
G180W,G180,W
G180Y,G180,Y
S181A,S181,A
S181C,S181,C
S181D,S181,D
S181E,S181,E
S181F,S181,F
S181G,S181,G
S181H,S181,H
S181I,S181,I
S181K,S181,K
S181L,S181,L
S181M,S181,M
S181N,S181,N
S181P,S181,P
S181Q,S181,Q
S181R,S181,R
S181S,S181,S
S181T,S181,T
S181V,S181,V
S181W,S181,W
S181Y,S181,Y
S182A,S182,A
S182C,S182,C
S182D,S182,D
S182E,S182,E
S182F,S182,F
S182G,S182,G
S182H,S182,H
S182I,S182,I
S182K,S182,K
S182L,S182,L
S182M,S182,M
S182N,S182,N
S182P,S182,P
S182Q,S182,Q
S182R,S182,R
S182S,S182,S
S182T,S182,T
S182V,S182,V
S182W,S182,W
S182Y,S182,Y
S183A,S183,A
S183C,S183,C
S183D,S183,D
S183E,S183,E
S183F,S183,F
S183G,S183,G
S183H,S183,H
S183I,S183,I
S183K,S183,K
S183L,S183,L
S183M,S183,M
S183N,S183,N
S183P,S183,P
S183Q,S183,Q
S183R,S183,R
S183S,S183,S
S183T,S183,T
S183V,S183,V
S183W,S183,W
S183Y,S183,Y
N184A,N184,A
N184C,N184,C
N184D,N184,D
N184E,N184,E
N184F,N184,F
N184G,N184,G
N184H,N184,H
N184I,N184,I
N184K,N184,K
N184L,N184,L
N184M,N184,M
N184N,N184,N
N184P,N184,P
N184Q,N184,Q
N184R,N184,R
N184S,N184,S
N184T,N184,T
N184V,N184,V
N184W,N184,W
N184Y,N184,Y
S185A,S185,A
S185C,S185,C
S185D,S185,D
S185E,S185,E
S185F,S185,F
S185G,S185,G
S185H,S185,H
S185I,S185,I
S185K,S185,K
S185L,S185,L
S185M,S185,M
S185N,S185,N
S185P,S185,P
S185Q,S185,Q
S185R,S185,R
S185S,S185,S
S185T,S185,T
S185V,S185,V
S185W,S185,W
S185Y,S185,Y
S186A,S186,A
S186C,S186,C
S186D,S186,D
S186E,S186,E
S186F,S186,F
S186G,S186,G
S186H,S186,H
S186I,S186,I
S186K,S186,K
S186L,S186,L
S186M,S186,M
S186N,S186,N
S186P,S186,P
S186Q,S186,Q
S186R,S186,R
S186S,S186,S
S186T,S186,T
S186V,S186,V
S186W,S186,W
S186Y,S186,Y
G187A,G187,A
G187C,G187,C
G187D,G187,D
G187E,G187,E
G187F,G187,F
G187G,G187,G
G187H,G187,H
G187I,G187,I
G187K,G187,K
G187L,G187,L
G187M,G187,M
G187N,G187,N
G187P,G187,P
G187Q,G187,Q
G187R,G187,R
G187S,G187,S
G187T,G187,T
G187V,G187,V
G187W,G187,W
G187Y,G187,Y
H188A,H188,A
H188C,H188,C
H188D,H188,D
H188E,H188,E
H188F,H188,F
H188G,H188,G
H188H,H188,H
H188I,H188,I
H188K,H188,K
H188L,H188,L
H188M,H188,M
H188N,H188,N
H188P,H188,P
H188Q,H188,Q
H188R,H188,R
H188S,H188,S
H188T,H188,T
H188V,H188,V
H188W,H188,W
H188Y,H188,Y
T189A,T189,A
T189C,T189,C
T189D,T189,D
T189E,T189,E
T189F,T189,F
T189G,T189,G
T189H,T189,H
T189I,T189,I
T189K,T189,K
T189L,T189,L
T189M,T189,M
T189N,T189,N
T189P,T189,P
T189Q,T189,Q
T189R,T189,R
T189S,T189,S
T189T,T189,T
T189V,T189,V
T189W,T189,W
T189Y,T189,Y
E190A,E190,A
E190C,E190,C
E190D,E190,D
E190E,E190,E
E190F,E190,F
E190G,E190,G
E190H,E190,H
E190I,E190,I
E190K,E190,K
E190L,E190,L
E190M,E190,M
E190N,E190,N
E190P,E190,P
E190Q,E190,Q
E190R,E190,R
E190S,E190,S
E190T,E190,T
E190V,E190,V
E190W,E190,W
E190Y,E190,Y
A191A,A191,A
A191C,A191,C
A191D,A191,D
A191E,A191,E
A191F,A191,F
A191G,A191,G
A191H,A191,H
A191I,A191,I
A191K,A191,K
A191L,A191,L
A191M,A191,M
A191N,A191,N
A191P,A191,P
A191Q,A191,Q
A191R,A191,R
A191S,A191,S
A191T,A191,T
A191V,A191,V
A191W,A191,W
A191Y,A191,Y
K192A,K192,A
K192C,K192,C
K192D,K192,D
K192E,K192,E
K192F,K192,F
K192G,K192,G
K192H,K192,H
K192I,K192,I
K192K,K192,K
K192L,K192,L
K192M,K192,M
K192N,K192,N
K192P,K192,P
K192Q,K192,Q
K192R,K192,R
K192S,K192,S
K192T,K192,T
K192V,K192,V
K192W,K192,W
K192Y,K192,Y
A193A,A193,A
A193C,A193,C
A193D,A193,D
A193E,A193,E
A193F,A193,F
A193G,A193,G
A193H,A193,H
A193I,A193,I
A193K,A193,K
A193L,A193,L
A193M,A193,M
A193N,A193,N
A193P,A193,P
A193Q,A193,Q
A193R,A193,R
A193S,A193,S
A193T,A193,T
A193V,A193,V
A193W,A193,W
A193Y,A193,Y
T194A,T194,A
T194C,T194,C
T194D,T194,D
T194E,T194,E
T194F,T194,F
T194G,T194,G
T194H,T194,H
T194I,T194,I
T194K,T194,K
T194L,T194,L
T194M,T194,M
T194N,T194,N
T194P,T194,P
T194Q,T194,Q
T194R,T194,R
T194S,T194,S
T194T,T194,T
T194V,T194,V
T194W,T194,W
T194Y,T194,Y
G195A,G195,A
G195C,G195,C
G195D,G195,D
G195E,G195,E
G195F,G195,F
G195G,G195,G
G195H,G195,H
G195I,G195,I
G195K,G195,K
G195L,G195,L
G195M,G195,M
G195N,G195,N
G195P,G195,P
G195Q,G195,Q
G195R,G195,R
G195S,G195,S
G195T,G195,T
G195V,G195,V
G195W,G195,W
G195Y,G195,Y
